Survey wave,Field dates,Days of AI use in past week,Share of US adults (%),90% CI lower bound (%),90% CI upper bound (%),Respondents (unweighted),AI users (unweighted)
March 2026,"March 3-5, 2026",Any AI use,50.0,48.2,51.9,2017,1028
March 2026,"March 3-5, 2026",1 day,17.3,15.9,18.7,2017,1028
March 2026,"March 3-5, 2026",2-5 days,24.3,22.8,25.9,2017,1028
March 2026,"March 3-5, 2026",6-7 days,8.2,7.2,9.3,2017,1028
March 2026,"March 3-5, 2026",Days not reported,0.2,0.1,0.5,2017,1028
March 2026,"March 3-5, 2026",No AI use,50.0,48.1,51.8,2017,1028
August 2026,"August 28-30, 2026",Any AI use,56.4,53.8,59.0,1016,574
August 2026,"August 28-30, 2026",1 day,10.1,8.6,11.8,1016,574
August 2026,"August 28-30, 2026",2-5 days,27.3,25.1,29.7,1016,574
August 2026,"August 28-30, 2026",6-7 days,18.7,16.7,20.8,1016,574
August 2026,"August 28-30, 2026",Days not reported,0.3,0.1,0.8,1016,574
August 2026,"August 28-30, 2026",No AI use,43.6,41.0,46.2,1016,574
